0.12947400195506129,0.12380286380387545,0.23360030503693394,0.16525077238941743,0.948,0.94,0.951,0.953,7.858596563339233,153.17084741592407,4.885252475738525,14.397883653640747
0.12968697082442104,0.12402464429477196,0.23418328541160638,0.1653814414713429,0.95,0.942,0.959,0.962,7.093008995056152,149.27301001548767,4.643399953842163,14.52182912826538
0.12956761096011563,0.12387573231065097,0.23335810640809854,0.16521804449865377,0.95,0.947,0.955,0.952,7.123991250991821,148.54640984535217,4.734348297119141,14.181016445159912
0.1295012322546067,0.12381844258344875,0.23329929392055102,0.16546130737619405,0.947,0.94,0.959,0.943,6.95908260345459,148.35050249099731,4.786306381225586,13.721295356750488
0.12973152306649058,0.12400659556861107,0.23462637503093794,0.16562785905714333,0.947,0.94,0.935,0.941,7.51276969909668,147.906720161438,4.946214914321899,14.40388560295105
0.12986893987799245,0.12415747389470264,0.2345018823821688,0.16574562521350203,0.953,0.955,0.954,0.954,6.971075057983398,154.6119315624237,4.779309988021851,14.496848583221436
0.13034088861996462,0.12466734809126427,0.23461168299379892,0.16624720751130706,0.933,0.932,0.951,0.945,7.079014301300049,153.0378122329712,5.361992359161377,14.656763076782227
0.1301500030894826,0.12444199478204847,0.23516205361639872,0.16598353988437203,0.936,0.938,0.944,0.946,7.155968189239502,151.22179245948792,4.669368743896484,14.20698618888855
0.12985957195774359,0.12419818917173873,0.23368535709292185,0.1655888762857358,0.958,0.951,0.959,0.958,7.00107216835022,148.9980354309082,4.800299882888794,14.277971029281616
0.1301779404821396,0.12441650478527051,0.23587365193603582,0.16627113645537417,0.944,0.943,0.94,0.946,6.934092283248901,148.98701691627502,4.743325471878052,14.456850290298462
0.13039895454363132,0.12470013188000928,0.235568281137533,0.166170486339662,0.942,0.941,0.941,0.953,6.999052286148071,147.49185180664062,4.57741904258728,13.738240242004395
0.12940668006834738,0.12379366610684568,0.2329060663727132,0.1649839506493431,0.951,0.946,0.948,0.951,6.968056917190552,145.39200139045715,4.58441424369812,14.193013668060303
0.12924803484556122,0.12364190176204679,0.23308653625357406,0.1648464110559394,0.943,0.943,0.936,0.938,6.837143421173096,152.28313636779785,4.575419664382935,13.842193126678467
0.12958425073913202,0.12392189863690554,0.23445376155537087,0.16520081210925286,0.942,0.937,0.938,0.953,6.9810426235198975,147.78663873672485,4.726332902908325,14.2030029296875
0.1297890411917281,0.12411561132150317,0.23425259455658182,0.16552526413252286,0.953,0.946,0.947,0.95,7.068012714385986,150.40313029289246,4.864255428314209,14.25894021987915
0.13055000339511424,0.12484839262829568,0.2349690434699783,0.1666090542232213,0.95,0.951,0.952,0.939,7.2908830642700195,151.82634806632996,4.857257604598999,14.248958587646484
0.129512348216532,0.12383866677559562,0.23383055001327094,0.16525451662442814,0.95,0.95,0.946,0.948,6.993069887161255,150.22421860694885,4.638381719589233,14.111023187637329
0.1297934509962198,0.12408190247758953,0.234347835459369,0.16559566098924938,0.953,0.959,0.946,0.947,6.9270899295806885,147.82556796073914,4.655372619628906,14.005110740661621
0.12969830830110396,0.12401412385842138,0.23382611488721988,0.1656486966482318,0.933,0.936,0.948,0.941,6.9080810546875,149.05984663963318,4.878263711929321,14.134019613265991
0.1303574241033527,0.12466735853622397,0.23493545345732914,0.16626002967697828,0.936,0.942,0.939,0.942,7.158968687057495,148.67504858970642,4.678375959396362,14.094023704528809
0.1303396692188834,0.12457860260030748,0.2355487571656275,0.1665489177373139,0.948,0.943,0.959,0.948,6.90808367729187,148.16932225227356,4.646378040313721,13.708258628845215
0.12958036374164647,0.12391730107835344,0.23343339564127466,0.16512691341665545,0.956,0.953,0.959,0.952,7.092974901199341,146.34128379821777,4.668360710144043,14.058039665222168
0.13062325572173114,0.12484774307074428,0.2366531492088095,0.16690245593820086,0.958,0.949,0.932,0.945,7.0070226192474365,152.85164618492126,4.954202175140381,14.629748582839966
0.1293336632977977,0.12367594028207593,0.232655328131089,0.1648504484140245,0.963,0.965,0.946,0.954,7.839568853378296,153.31736636161804,4.923237323760986,14.597750902175903
0.1301840310650034,0.12447744612326342,0.23515189078731386,0.16592732652205286,0.951,0.952,0.944,0.943,7.064007043838501,151.11360907554626,4.8972327709198,15.739104270935059
0.1297920292662085,0.12409009922791084,0.2337597577868498,0.16555479906970189,0.943,0.953,0.94,0.946,7.313875675201416,167.13902878761292,5.064138174057007,19.289534091949463
0.12932220592795035,0.12367658221556618,0.23320475350091496,0.16494372977400185,0.945,0.945,0.945,0.95,8.284490585327148,158.94298267364502,6.592805624008179,19.885815858840942
0.1296885679702468,0.1240261117910726,0.23330422766712047,0.16536137497595713,0.953,0.952,0.96,0.955,7.223933219909668,159.58180332183838,4.979202032089233,15.084490776062012
0.12966840468490415,0.12402030103711392,0.23348860531506394,0.1653979691627218,0.953,0.952,0.953,0.956,7.315863370895386,156.5817518234253,4.838263273239136,14.44783091545105
0.1306869728448219,0.12494251369671314,0.2355051447031775,0.16678142443944716,0.948,0.94,0.945,0.941,7.18595027923584,153.63212633132935,4.760324716567993,14.387881517410278
0.1301913212461057,0.12446856313540297,0.23486299881535977,0.16622421927123898,0.959,0.964,0.948,0.95,7.010035514831543,150.86267828941345,4.893245458602905,14.792633056640625
0.12963786067796093,0.12395465081644595,0.2343923440971716,0.16551941061153747,0.955,0.946,0.962,0.963,7.513737440109253,158.1275634765625,4.993174314498901,16.254804611206055
0.13006858033494184,0.12438818805798507,0.23502326263417003,0.16577334763781637,0.942,0.946,0.943,0.946,7.335852384567261,163.1947054862976,5.175052165985107,15.714123487472534
0.13059450556446386,0.12482204509101495,0.23604197401932084,0.166765677759562,0.944,0.933,0.949,0.952,11.27761960029602,172.18358302116394,5.153083801269531,15.863025903701782
0.13004832658038393,0.12435756418898675,0.234646777334418,0.1658809770997348,0.954,0.944,0.945,0.952,7.600696802139282,161.8744020462036,4.916217803955078,14.909562110900879
0.1294983179696845,0.12384832294216239,0.23347261942646877,0.16508910755964679,0.953,0.952,0.96,0.956,7.592683792114258,153.22129201889038,4.729322910308838,13.581332683563232
0.1303463399309776,0.12466246113083548,0.2345705561714981,0.16612746530167297,0.957,0.958,0.954,0.962,7.496755599975586,143.87657594680786,4.634383201599121,15.27735424041748
0.12929319782018078,0.12365038017361504,0.23242268286249565,0.16482881502646193,0.953,0.955,0.966,0.944,6.620232820510864,148.38100743293762,5.497900724411011,14.299922943115234
0.12944939352535517,0.12377973099336895,0.2336264180494923,0.16519925811392527,0.95,0.95,0.958,0.957,6.873108625411987,143.14897632598877,4.861247539520264,14.526760816574097
0.12954349643598892,0.12386210059265483,0.23333587316763352,0.1654865877738938,0.947,0.951,0.95,0.926,6.792153358459473,143.4747507572174,4.518442392349243,13.74921727180481
0.12947345695334167,0.12379537726956726,0.23339718710879576,0.16521617024083915,0.939,0.949,0.949,0.943,6.823141098022461,141.31300830841064,4.772297620773315,14.632728099822998
0.13095201840703596,0.1252503732380388,0.23598532996623928,0.1668757624438503,0.941,0.944,0.951,0.95,7.055017471313477,146.067280292511,4.577418565750122,13.885136365890503
0.12996220386686771,0.12423522463178074,0.2351170223878678,0.16596729782766648,0.953,0.944,0.95,0.946,6.450346231460571,143.91708159446716,4.505448341369629,13.299469232559204
0.1300908085135049,0.12438191576942975,0.23454742834429598,0.1659571903010529,0.947,0.952,0.947,0.94,6.9521164894104,141.79043340682983,4.409520626068115,13.373425483703613
0.1290024257598756,0.12343126951477523,0.231959683917976,0.16430153446250478,0.944,0.941,0.951,0.94,6.799130439758301,140.93208241462708,4.355513334274292,13.235503435134888
0.1295975219746088,0.12392239483491004,0.2336940986565484,0.16516591223954594,0.955,0.958,0.961,0.956,6.7691638469696045,141.73972821235657,5.374998569488525,14.528361797332764
0.13011973608231284,0.12444623816573275,0.23451644095784327,0.16599167359741834,0.945,0.952,0.934,0.95,7.737088203430176,163.7215552330017,4.898664712905884,16.420318841934204
0.12986960776045525,0.12418370221238036,0.23443764658435012,0.1655345051312641,0.958,0.957,0.96,0.959,7.578313827514648,182.6219675540924,5.040902853012085,15.939966440200806
0.12991107463808124,0.12419260595683045,0.234643626465765,0.1658931924865148,0.932,0.939,0.934,0.931,8.11410903930664,182.78433108329773,5.724209547042847,15.034755229949951
0.12989023682192358,0.12417139016493238,0.23439129689325836,0.1659522038050075,0.932,0.949,0.942,0.936,7.774321794509888,157.25564122200012,5.733139753341675,14.480431318283081
0.1297269145572523,0.12402684254763925,0.2346751579282224,0.16563173947419035,0.948,0.95,0.932,0.943,7.848004579544067,170.6859254837036,4.8009631633758545,16.45720672607422
0.1292802608490443,0.12364876491265887,0.23280040191290083,0.16489388387596937,0.959,0.946,0.949,0.954,7.894869089126587,165.53926014900208,5.0180981159210205,14.728843688964844
0.1290552128355697,0.12346226216898687,0.23200849528586473,0.16442362253995546,0.961,0.961,0.96,0.964,7.46302604675293,160.20897269248962,4.989780426025391,14.824678421020508
0.12983444510618755,0.12410384188236694,0.23458167325918647,0.16578917781861824,0.943,0.936,0.957,0.948,7.405031204223633,153.87666988372803,4.4734838008880615,13.481359720230103
0.12942617943605028,0.12376550725843194,0.2332498306108177,0.16516013601898702,0.94,0.933,0.958,0.944,6.758149862289429,143.35675621032715,4.553420543670654,13.501344203948975
0.1299524722141972,0.12433841456151287,0.23352781410745152,0.16552776366641267,0.955,0.947,0.953,0.956,7.010025262832642,141.04105281829834,4.380535840988159,13.287467956542969
0.1317722755130725,0.12601462047808373,0.23763116440000942,0.16801715470908504,0.959,0.955,0.954,0.96,6.5842671394348145,139.0111813545227,4.494471073150635,13.584298849105835
0.12912642534609095,0.12346850478202362,0.23243045332792303,0.164792403577738,0.95,0.95,0.955,0.951,6.736175775527954,143.62455797195435,4.506444692611694,13.339437246322632
0.12956024271592845,0.1238936383012923,0.2336262275935298,0.165430916462599,0.937,0.942,0.944,0.945,6.859107255935669,143.86643290519714,4.505445957183838,13.392406940460205
0.13011860155832095,0.12438149060398394,0.23490223462753124,0.16608344362358163,0.943,0.947,0.953,0.949,6.6452319622039795,138.59942054748535,4.541423320770264,13.112547874450684
0.1303161584066687,0.12467166614233861,0.23402831493365306,0.16611315464320126,0.954,0.952,0.947,0.948,6.611251354217529,144.53104996681213,4.489454746246338,13.19551706314087
0.13011697406620676,0.12441600428075295,0.23438477105311256,0.16604604745365661,0.945,0.936,0.95,0.935,6.624224424362183,142.28844213485718,4.412498712539673,13.637266874313354
0.12970942482151815,0.1240033325385401,0.2341986296055313,0.16561736900752727,0.953,0.94,0.955,0.954,6.763181447982788,143.96236419677734,4.381514072418213,13.12255859375
0.13013685105154554,0.12443887156084128,0.23455450245189205,0.16600728928374373,0.947,0.942,0.938,0.949,6.56427526473999,137.36610507965088,4.323529481887817,13.456369876861572
0.12993264039221003,0.1242249757884261,0.234739844251515,0.1660032556678857,0.954,0.954,0.953,0.95,6.480305194854736,136.9813210964203,4.3275322914123535,13.026595115661621
0.1302357144760999,0.12453619718317885,0.23437194143555046,0.16616758554608235,0.947,0.947,0.962,0.95,6.611267566680908,138.50442790985107,4.326547145843506,13.039623260498047
0.13063879322335958,0.12496152335263237,0.23578334412461663,0.16657266800136336,0.944,0.944,0.949,0.945,6.630256652832031,137.89079356193542,4.39850640296936,13.393403768539429
0.13026072357684068,0.12448204518806984,0.23573324147043065,0.16635667849287467,0.952,0.95,0.947,0.949,6.511305809020996,137.8188352584839,4.263582229614258,13.119542360305786
0.1304114335841994,0.12468441048709476,0.23516515126613013,0.16642001294005546,0.946,0.955,0.956,0.951,6.443343639373779,140.1165211200714,4.571389436721802,13.581295013427734
0.13040751679570878,0.12462592388792461,0.23609350660193637,0.16658024950618977,0.949,0.944,0.944,0.946,6.418361663818359,139.40390753746033,4.412497282028198,13.033620357513428
0.1298750209757308,0.12418326929531472,0.23449764256812514,0.16569143167629682,0.952,0.946,0.946,0.954,6.709174156188965,139.87867212295532,4.708348751068115,13.886137008666992
0.12965907535225935,0.12403597078068884,0.23354402039884375,0.16530284038933243,0.958,0.949,0.962,0.955,7.742799758911133,146.97134280204773,5.105104207992554,13.597291231155396
0.12987842449196785,0.12414702743432104,0.2348705668637869,0.16583445037519748,0.953,0.945,0.957,0.958,6.779153108596802,144.64196109771729,4.414495944976807,13.252480506896973
0.13003650214832907,0.12436696518674531,0.23384887439480045,0.16574726322103014,0.956,0.953,0.958,0.946,6.733180999755859,145.46047186851501,4.524434566497803,14.125007152557373
0.13043665379108244,0.12469940016693022,0.23531183626198124,0.16647581284314783,0.951,0.954,0.951,0.956,6.618244409561157,143.7974328994751,4.480459451675415,13.020631551742554
0.129587309611193,0.12392540008135865,0.2333126120149151,0.16528256661440024,0.944,0.942,0.958,0.95,7.373815536499023,143.57752466201782,5.564829111099243,14.56273603439331
0.12996499344381357,0.12426540940637718,0.23477632674732518,0.16590291742962893,0.945,0.946,0.955,0.951,6.668234586715698,143.04184126853943,5.552636623382568,14.905535221099854
0.13043666337468815,0.124696945454715,0.23617633637467114,0.16661929768807723,0.952,0.949,0.948,0.952,6.574268102645874,142.77499055862427,4.819278955459595,13.325438499450684
0.13053738929015016,0.12482756550152085,0.23568371399501092,0.16661843381740027,0.938,0.945,0.938,0.934,6.7251808643341064,147.61421632766724,4.587381601333618,13.544312477111816
0.1300165786916912,0.1242789807914281,0.23466441745661543,0.16585420738655585,0.951,0.953,0.95,0.947,7.442795038223267,145.2515733242035,4.829256772994995,14.670673608779907
0.13048484584093387,0.12480577366987831,0.2348409018839912,0.16629073310739312,0.944,0.949,0.951,0.943,6.626239061355591,144.55898571014404,5.441912889480591,13.918102025985718
0.13001273219627127,0.1243443926648419,0.23436406169781016,0.16586113163899063,0.963,0.956,0.948,0.96,6.675213098526001,139.44585037231445,4.443478584289551,13.268457412719727
0.1295092435747574,0.12390746236502599,0.23313261539826377,0.1650643560386587,0.944,0.943,0.948,0.944,6.775153875350952,137.81877827644348,4.413495063781738,13.314442873001099
0.13001488155990892,0.12435225807555339,0.23491047940960316,0.16591427485866772,0.957,0.963,0.94,0.952,6.539289474487305,139.6207377910614,4.4954493045806885,13.08857011795044
0.1302470961303569,0.1245408142026804,0.23490624351416128,0.16598427520068332,0.946,0.944,0.957,0.945,6.4313507080078125,139.4068591594696,4.676347970962524,13.475353002548218
0.1296637765619628,0.12401148831972406,0.23431945856377717,0.16531143565093445,0.957,0.959,0.951,0.95,6.650223016738892,140.6521701812744,4.429485559463501,13.358417987823486
0.13024579579909182,0.12456168002224784,0.2343069476166309,0.16596676220944812,0.951,0.945,0.953,0.949,6.700178384780884,139.4058973789215,4.311570882797241,13.085607767105103
0.12995993765830063,0.12422418557312255,0.23522863349623527,0.16589367179696243,0.958,0.956,0.944,0.946,7.020033597946167,144.94188284873962,4.443302154541016,13.153685808181763
0.12999771655535514,0.12434562638212059,0.2340122393832106,0.16567236268972552,0.948,0.945,0.943,0.944,6.737560749053955,139.79318070411682,4.627426862716675,15.279704570770264
0.12988937202645093,0.1241422107514174,0.23447891218796263,0.1659980012362211,0.933,0.933,0.938,0.929,6.5256733894348145,138.43152618408203,4.425140857696533,13.342061519622803
0.12996635260583025,0.12428160608327912,0.2340911592264219,0.16575568932358942,0.956,0.964,0.95,0.942,6.715452671051025,139.97419261932373,4.507526874542236,13.20034909248352
0.13019167148891433,0.12450866670855977,0.23533669826008646,0.16616485266892103,0.956,0.954,0.946,0.957,6.675140142440796,140.68124890327454,4.3704869747161865,13.116079807281494
0.13030663565243777,0.12457852303060381,0.23519524879246928,0.16631678561227312,0.943,0.95,0.944,0.944,6.612197399139404,140.01330041885376,4.500115633010864,13.214688539505005
0.1299704147710791,0.12429108510765843,0.23417872533877898,0.16572181174473155,0.96,0.953,0.95,0.956,6.9257729053497314,140.88762664794922,4.584304094314575,13.499276399612427
0.1302364170624208,0.12452298926129798,0.23552931627075155,0.16625392838907607,0.956,0.952,0.944,0.945,6.441065788269043,140.80904245376587,4.489927530288696,13.30965781211853
0.13017401931493647,0.12442918888425394,0.23460425812191,0.16608694254550577,0.946,0.946,0.948,0.945,6.501436948776245,140.4749195575714,4.5152058601379395,13.275802373886108
0.13028262610699262,0.12458221654690609,0.23519144380131587,0.1661494238062601,0.96,0.965,0.944,0.949,6.5307886600494385,140.56043791770935,4.546308755874634,13.22694993019104
0.12958776887294834,0.12386881364518855,0.23425923100280485,0.1654641944966254,0.943,0.948,0.948,0.946,6.6065216064453125,140.64673852920532,4.359570264816284,12.693967342376709
0.12944266067981194,0.12380427350278177,0.23312972796335693,0.1650699652724664,0.942,0.947,0.941,0.94,6.3859593868255615,134.63207602500916,4.783907175064087,13.47602891921997
0.13047223529053725,0.12473690146034302,0.23562043822949613,0.16646884046463192,0.952,0.946,0.951,0.95,6.482240915298462,132.85581922531128,4.217722415924072,12.698807954788208
0.1301455007376355,0.12438332919942793,0.2354778294666122,0.1664656104777396,0.952,0.944,0.949,0.954,6.431972026824951,143.68217158317566,5.012799263000488,14.846264123916626
0.13037886300442408,0.12466655990162363,0.2356362704689928,0.16639580150728694,0.951,0.939,0.96,0.956,7.545304775238037,156.72928738594055,5.003016948699951,15.379573106765747
0.12945793780600293,0.12379999691692975,0.2334131875991188,0.16514783806808342,0.953,0.945,0.94,0.948,7.418326377868652,155.5988266468048,4.953687906265259,15.171472549438477
0.13050963989482608,0.12479723653312641,0.23562630366126236,0.16653939459114497,0.951,0.954,0.944,0.946,7.165951490402222,144.15395092964172,4.684096574783325,13.412659168243408
0.12945344150610844,0.12380950347261328,0.2335375490483148,0.16502873618482922,0.953,0.953,0.944,0.953,6.604150056838989,150.64872074127197,5.041747331619263,14.620984315872192
0.13070118185157292,0.12493977694012921,0.23609430567227463,0.16677637105265625,0.95,0.961,0.948,0.947,7.184708595275879,149.2579426765442,4.7645955085754395,14.186042308807373
0.13083834738347774,0.12514245004793237,0.23578912056959733,0.16650397784895565,0.944,0.953,0.95,0.948,7.040082931518555,149.0326533317566,4.959885120391846,14.030752658843994
0.130157213785147,0.12442597821989439,0.234817623002495,0.1661991092132413,0.952,0.957,0.957,0.951,6.87600564956665,149.31892371177673,4.872330665588379,14.211268663406372
0.12956608766850986,0.12388776352304534,0.23370395425558577,0.16530249472179254,0.953,0.952,0.955,0.947,7.258694410324097,149.81292080879211,4.789668321609497,14.193986892700195
0.12952833978358205,0.12384184245433512,0.23405228646932955,0.16531116370595605,0.947,0.954,0.952,0.947,6.901445150375366,149.2669825553894,4.767901420593262,15.193737268447876
0.13038996848031478,0.12468057249489137,0.23495308596867537,0.16637411212146916,0.963,0.957,0.957,0.965,7.1757965087890625,150.2801022529602,5.053208827972412,14.852192163467407
0.1299685827838858,0.12425734713270176,0.23481512438237484,0.1659617319197493,0.959,0.955,0.954,0.953,7.338188409805298,156.12023949623108,4.995111703872681,14.876676082611084
0.13032344924362452,0.12456355697779266,0.23518546623334938,0.16660700519387003,0.954,0.96,0.955,0.949,7.522878646850586,152.17213940620422,4.261436700820923,13.64004898071289
0.13084653105626837,0.12510716744264244,0.23637730293566492,0.16706079320581596,0.939,0.937,0.936,0.948,6.614670038223267,140.16291427612305,4.474903345108032,13.302156925201416
0.1294565263296388,0.12379971020279039,0.23314392413424462,0.1651018409226369,0.942,0.94,0.952,0.95,6.664892911911011,140.56806588172913,4.4120941162109375,13.366217374801636
0.13026796804068727,0.12460833090278377,0.2342600610776905,0.16601908396880563,0.951,0.947,0.954,0.958,6.645355224609375,141.30632948875427,4.544056415557861,15.36663818359375
0.1301778206672522,0.12442561932690668,0.23487591150219686,0.1661718639161736,0.941,0.943,0.948,0.948,7.576102256774902,146.04745769500732,4.680680274963379,14.33853530883789
0.1300609319285499,0.12444141894450439,0.2340488013589384,0.16581494403372257,0.955,0.95,0.944,0.947,6.900764465332031,141.25292444229126,4.372624397277832,13.2788987159729
0.13032736149998478,0.12461516039670426,0.23480984059393933,0.16638621148585797,0.947,0.952,0.962,0.953,6.653773546218872,141.69410133361816,4.500429391860962,13.089070558547974
0.12993258314672426,0.12423734747825206,0.2349886141789934,0.16570241104823583,0.951,0.942,0.944,0.957,6.692810773849487,139.38950538635254,4.409855842590332,13.314862251281738
0.12990084951406086,0.12420440181944903,0.23400425551673962,0.16565872282459312,0.948,0.944,0.952,0.949,6.4754204750061035,138.0514817237854,4.393103837966919,13.13477087020874
0.12993683729311795,0.12425085882333547,0.2345120664054441,0.16582507484269218,0.951,0.95,0.949,0.95,7.341191053390503,139.74095225334167,4.534610748291016,13.30924105644226
0.13005240660053016,0.12436147057057387,0.2346961347458529,0.16588109197812054,0.954,0.956,0.942,0.949,6.641144752502441,138.58120346069336,4.429989576339722,12.98400592803955
0.13008162274516064,0.12433354745714854,0.23531394183112297,0.16613826650443667,0.944,0.952,0.953,0.949,6.5534985065460205,140.39841103553772,4.778271913528442,13.47771692276001
0.1294734802343599,0.12381819328418943,0.23362261488034045,0.16511014747615957,0.951,0.956,0.955,0.958,6.810550928115845,139.40197205543518,4.38942551612854,12.857313632965088
0.129693293006122,0.12400374278212777,0.23425353867384974,0.16545602722122965,0.954,0.944,0.938,0.943,6.663408994674683,141.31316757202148,4.429228067398071,13.456616878509521
0.12964733760021233,0.12399191608108893,0.23356393300885125,0.16511983000894373,0.956,0.947,0.951,0.964,6.630779504776001,140.06884598731995,4.4201929569244385,12.955141544342041
0.1296744250219937,0.12398136778653189,0.2338202278174174,0.16556470136823906,0.934,0.944,0.949,0.948,6.422221422195435,135.5765745639801,4.42657470703125,13.019408226013184
0.13005774707765863,0.12438918151278643,0.2350829151351264,0.16584036020884346,0.935,0.935,0.936,0.937,6.579067707061768,132.07624006271362,4.310280799865723,12.601191997528076
0.12988024719402275,0.1241925604863972,0.23428430602202643,0.16569192218867973,0.95,0.953,0.951,0.95,6.365865468978882,135.322603225708,4.376094341278076,12.670056343078613
0.1297849110800425,0.12413934127062683,0.2342217820440254,0.1652898009891415,0.947,0.95,0.952,0.947,6.491833686828613,135.42301535606384,4.671473503112793,12.390211343765259
0.12939107951960158,0.12372565461347516,0.2342083751801015,0.16527771708073802,0.964,0.961,0.947,0.955,6.379096984863281,134.70056629180908,4.313666582107544,12.691932678222656
0.12962390830572265,0.1239100942524279,0.23507716702821257,0.16548795667733074,0.951,0.951,0.936,0.953,6.5458292961120605,132.34370875358582,4.18171238899231,12.533084154129028
0.1298519330020586,0.12417491116124947,0.23412357845349102,0.1657038935016562,0.953,0.943,0.961,0.958,6.394768476486206,134.07216668128967,4.294020652770996,12.681713104248047
0.1300184770765556,0.12427949508335291,0.23517148655575618,0.1659704998552117,0.962,0.964,0.953,0.957,6.422337532043457,133.6849329471588,4.266457557678223,12.733227014541626
0.1291628465552208,0.1234960458582929,0.23251431245608026,0.16485341828473496,0.952,0.952,0.942,0.951,7.33995246887207,133.49676060676575,4.236553907394409,12.746834754943848
0.12947463167611584,0.12382402230781674,0.23374572623732925,0.1651001324369214,0.954,0.948,0.941,0.946,6.4895946979522705,133.70242929458618,4.186066389083862,12.775492668151855
0.1296420066220532,0.12397155395176468,0.2337194444216828,0.1653437720706099,0.95,0.942,0.95,0.947,6.377093315124512,133.43403673171997,4.2711851596832275,12.587152481079102
0.13001236210318792,0.12430768128254102,0.23476838056409285,0.16592552070355335,0.959,0.969,0.947,0.959,6.329198598861694,151.7578043937683,4.895186901092529,14.147607326507568
0.13086974403819462,0.12507215740288505,0.23731893846089375,0.16723312318017075,0.943,0.948,0.953,0.932,7.028926372528076,147.36492252349854,4.462445974349976,13.245273113250732
0.1300624142427756,0.1243511781902851,0.23460998729027116,0.16587833599330826,0.96,0.958,0.955,0.955,6.861464977264404,141.34283423423767,4.540432691574097,13.477361679077148
0.1296074104084529,0.12395512190776771,0.2338806768550556,0.16522528999234082,0.954,0.958,0.963,0.948,6.709833383560181,140.5020034313202,4.581032037734985,13.319547176361084
0.13002198888093114,0.12431226214642338,0.23527064565458605,0.1658606332534586,0.958,0.963,0.959,0.955,6.761309623718262,140.2890441417694,4.543325662612915,13.641276121139526
0.12895715294671745,0.12330578038947915,0.2323220623340655,0.16452768212511518,0.944,0.947,0.952,0.947,6.560909748077393,143.15816020965576,4.486840009689331,13.303908109664917
0.12998060973747502,0.12429365297579965,0.23370462264377112,0.1657271241099747,0.945,0.95,0.956,0.95,6.969271898269653,141.7755823135376,4.436070919036865,13.241195440292358
0.12994664349469442,0.12424887835863307,0.2353793584168542,0.16574416892202662,0.945,0.95,0.941,0.942,6.677673578262329,141.3402099609375,4.400758504867554,13.250767469406128
0.12973520498294427,0.12400655295453546,0.23433275721524707,0.1657514264387014,0.943,0.945,0.948,0.944,6.770706415176392,141.3595838546753,4.485812425613403,13.5278639793396
0.13023873967537333,0.12455520048018436,0.23476135524060823,0.16603739658188565,0.947,0.952,0.949,0.94,6.8181540966033936,140.70168662071228,4.509639263153076,13.352447271347046
0.13004629175383217,0.12433431529417863,0.23532017854953735,0.1659335343091642,0.942,0.935,0.944,0.954,6.765807151794434,139.948979139328,4.474659204483032,13.193963050842285
0.12942585169197768,0.12380553048514337,0.23293398372893814,0.1650281311277883,0.957,0.955,0.953,0.955,6.758676052093506,139.55951738357544,4.52630090713501,13.28888988494873
0.12974593900582682,0.12404530623574557,0.23443056772013762,0.16562883434290496,0.949,0.954,0.947,0.948,6.791201591491699,144.17118906974792,4.41956353187561,14.441747426986694
0.1305943898494365,0.12481823291064197,0.23562522960840743,0.16690914759238154,0.938,0.944,0.935,0.942,6.517409086227417,141.06816959381104,4.48291802406311,13.406426429748535
0.12989827650219013,0.12420772456828791,,0.16575926163113758,0.946,0.953,0.0,0.956,6.62380051612854,141.89654231071472,5.131579160690308,13.432419300079346
0.12949051671871853,0.12379110603244993,0.23370410199810676,0.16520500411781414,0.95,0.944,0.945,0.956,6.768590450286865,142.4885802268982,4.962188482284546,14.307016372680664
0.13105453908451342,0.12528690838017334,0.2359251872993841,0.1673841128958454,0.946,0.949,0.943,0.955,6.718055248260498,157.56395268440247,5.123150110244751,14.363430738449097
0.12972384017060898,0.12405809810937125,0.23422845423419958,0.16557355250217254,0.95,0.957,0.931,0.947,6.682478189468384,143.45826721191406,4.445151329040527,13.934383869171143
0.1288450778999047,0.12323296977039687,0.23189461671520342,0.16422789454005754,0.951,0.95,0.948,0.947,6.709485769271851,145.26603293418884,5.2248382568359375,14.098185539245605
0.12996436253129293,0.12424438279839761,0.2354350258705584,0.16591632032634576,0.956,0.958,0.943,0.959,7.978462219238281,147.59729433059692,4.554285526275635,13.827692747116089
0.12962337593960332,0.12395671068584287,0.23382493154781955,0.1653218066679425,0.948,0.945,0.948,0.956,7.53698992729187,150.91314101219177,4.6151649951934814,14.464837074279785
0.12999826533326084,0.12430968895007209,0.23432788402678714,0.16600243459015634,0.953,0.952,0.949,0.95,6.886268615722656,141.30038785934448,4.317594766616821,13.418848991394043
0.1292228932085128,0.12356339984847757,0.23297168164166385,0.16488449679282552,0.952,0.954,0.953,0.943,6.431500196456909,140.1643991470337,4.414563894271851,13.09485125541687
0.1296841709199309,0.12397124367264438,0.2341994559616051,0.1655194357926925,0.942,0.941,0.933,0.938,6.634228229522705,140.20328998565674,4.375200033187866,13.388892650604248
0.1299387830505727,0.12426210541589083,0.2340331916218303,0.16573027831018558,0.955,0.956,0.956,0.951,6.829793453216553,142.25097513198853,5.228043556213379,15.606386423110962
0.1295224704292833,0.12382840975941001,0.23390869790240915,0.16541456352666614,0.95,0.95,0.946,0.947,6.988888502120972,147.0953562259674,4.6145875453948975,14.244260787963867
0.13016266037967494,0.12443639368364853,0.23566687730873956,0.16643506885229872,0.961,0.958,0.956,0.957,6.77241849899292,147.04989624023438,4.755245208740234,14.342166900634766
0.129193602924829,0.12356404175055694,0.23251502509259925,0.1646635346876868,0.954,0.948,0.945,0.951,6.969444274902344,147.1358072757721,4.615655183792114,13.16031265258789
0.1298684977801601,0.124225668965077,0.23413435860514306,0.16548397003555576,0.952,0.951,0.942,0.948,6.650977373123169,144.02927017211914,4.333645582199097,13.340755701065063
0.130687195836327,0.12492910680528492,0.23584392847563704,0.16687637875701183,0.941,0.943,0.946,0.936,6.973292827606201,139.8069863319397,4.47540283203125,13.257396221160889
0.12957402599915321,0.12389514399287001,0.23367370930460718,0.16521158129820435,0.944,0.941,0.954,0.94,6.624799728393555,141.57203936576843,4.604487657546997,13.770352363586426
0.13034082388205162,0.12466029634359203,0.2357246420321012,0.16622923467547793,0.947,0.954,0.942,0.938,6.750452280044556,140.3297712802887,4.6523778438568115,13.217525005340576
0.13050108243003927,0.12478898781590811,0.23533169197151085,0.1665994084022635,0.942,0.945,0.956,0.95,6.653106689453125,139.80252599716187,4.456246852874756,13.067028522491455
0.1299626112516481,0.12430397665975591,0.2343968459799633,0.16558258497077868,0.95,0.953,0.956,0.955,6.624191999435425,144.36705017089844,4.367005348205566,13.382152795791626
0.1304135881597351,0.12466371195218708,0.23529897176737477,0.16647251942139868,0.936,0.942,0.945,0.943,6.534298419952393,141.18654489517212,4.393292665481567,13.126494884490967
0.13065649352529368,0.12489586234194439,0.2367557682418142,0.16674621383320526,0.952,0.945,0.948,0.94,6.805070877075195,140.18287587165833,4.515153884887695,13.216142892837524
0.1306687401914099,0.12496793677837278,0.23548356795190167,0.1666933449465369,0.955,0.948,0.961,0.95,7.446860074996948,139.7797348499298,4.542005777359009,13.269835233688354
0.13053144790993312,0.12484852879583418,0.23568964017418767,0.16634847137112832,0.946,0.941,0.951,0.959,6.678776025772095,143.1204915046692,4.448241472244263,13.513610601425171
0.12924625395268557,0.12355807549990724,0.23383504229556354,0.16507717605123598,0.947,0.949,0.947,0.955,6.852043390274048,148.6911747455597,4.567169666290283,13.485908508300781
0.12967049603029526,0.12397782648634324,0.2341410998147607,0.1655888080557761,0.946,0.95,0.944,0.947,6.691421747207642,141.7614140510559,4.474134206771851,13.512650489807129
0.13041337520280374,0.12474115276404871,0.23536582098183811,0.16623566602169898,0.957,0.954,0.957,0.956,6.8138813972473145,145.20616388320923,4.505474328994751,13.490217685699463
0.13034098712543474,0.12465502071068774,0.23477530096815458,0.16617755605841977,0.951,0.946,0.955,0.961,6.674557209014893,142.90083122253418,4.302263021469116,13.367679357528687
0.12951283666864044,0.12388373796449721,0.23378880801247517,0.1651148171562956,0.946,0.941,0.949,0.949,6.88837742805481,143.19877171516418,4.435008764266968,13.05517840385437
0.13021120282158685,0.12453986192107612,0.2347601756818542,0.1660501706783112,0.949,0.953,0.955,0.956,6.781251430511475,141.59619283676147,4.612198352813721,13.796884775161743
0.12927287897755255,0.12359316015993338,0.2339768345683962,0.16507994929051692,0.946,0.946,0.947,0.955,6.5690367221832275,143.18654084205627,4.497596263885498,13.307392358779907
0.12902687718536326,0.12341117230486308,0.2324238047245188,0.16447529861543836,0.952,0.952,0.945,0.95,6.962909936904907,139.33732295036316,4.527303218841553,13.1260085105896
0.1300667424143112,0.1243726732605484,0.2344889367642245,0.1660956005576225,0.955,0.949,0.954,0.943,6.617985486984253,139.99547386169434,4.497907638549805,13.235634565353394
0.13061093409008714,0.12490812488503934,0.2349143984023385,0.16659946587632535,0.962,0.961,0.96,0.966,6.590971231460571,139.79940557479858,4.438745737075806,13.277875423431396
0.13051953862717205,0.12479239517333156,0.23623034023989503,0.1665690629944323,0.951,0.939,0.942,0.945,6.50301194190979,141.86211967468262,4.540207862854004,13.036421537399292
0.1298430368209532,0.12420065910182265,0.23344918485322463,0.1654976799042224,0.951,0.945,0.96,0.947,6.9076151847839355,141.3011031150818,4.279541969299316,13.473364353179932
0.12985229808831,0.12416863017337208,0.23434368267307382,0.16567544882183674,0.949,0.953,0.945,0.954,6.64985728263855,139.45604133605957,4.421552658081055,13.285866975784302
0.1302568788579011,0.12455015355948665,0.2352544927791099,0.16625276591742164,0.947,0.94,0.943,0.952,6.7545506954193115,141.61362099647522,4.519169807434082,13.217733144760132
0.1299123712192526,0.12422706309474019,0.23468242942483009,0.16582618149164363,0.952,0.948,0.958,0.962,6.824409484863281,140.72478914260864,4.969484090805054,14.298000812530518
0.1298211093833699,0.12418582434649494,0.23411152420692458,0.1654695244579209,0.947,0.943,0.952,0.945,7.052820920944214,145.20562362670898,4.360495090484619,13.249032258987427
0.13033595210485346,0.1245956386136928,0.23621810082598385,0.1663481737886137,0.95,0.943,0.926,0.947,6.6646764278411865,143.6979856491089,4.5239739418029785,14.94668960571289
0.129889935373531,0.12417439201432745,0.23467845416050434,0.16599424396691684,0.936,0.939,0.954,0.941,7.485766172409058,141.99070692062378,4.3276519775390625,13.392122983932495
0.1306254076901036,0.12490220605484093,0.23506014440683975,0.16658193668603685,0.947,0.951,0.948,0.946,6.670191049575806,141.92573070526123,4.460937976837158,14.639189958572388
0.1309721833870131,0.12519557979309337,0.23696664295709616,0.16729552340446358,0.945,0.945,0.938,0.948,6.78704571723938,141.8430473804474,4.348525047302246,13.136414051055908
0.12976798870288886,0.12407521927088211,0.23516320341305788,0.16565000106739786,0.953,0.951,0.944,0.947,6.692142009735107,139.4427366256714,4.522994041442871,13.228797674179077
0.12962858173048117,0.12398835294327212,0.23388531562299333,0.16540278179810064,0.936,0.939,0.947,0.946,6.548820495605469,139.0340645313263,4.4483866691589355,13.517805814743042
0.1295458267613163,0.12387768989207966,0.23378694377248355,0.16533530295426582,0.95,0.95,0.943,0.954,6.6815807819366455,139.66218256950378,4.396095037460327,13.188069820404053
0.13010226585462636,0.12437037668896189,0.23510150704616709,0.1659553290691918,0.943,0.931,0.938,0.944,6.629060506820679,139.49730372428894,4.40723729133606,13.257745265960693
0.1293823224079158,0.12368953986139226,0.23362976279181108,0.16514016621982278,0.95,0.951,0.945,0.951,7.0524818897247314,140.91310620307922,4.362037181854248,13.240655899047852
0.12962884800674895,0.12397619353489088,0.23338027980772177,0.16535444581660824,0.958,0.955,0.964,0.961,6.77086615562439,138.7664885520935,4.429278612136841,13.134161710739136
0.13023538085488415,0.12457156960478444,0.23469000965571957,0.16590329923840244,0.94,0.945,0.937,0.946,6.4961206912994385,140.2179582118988,4.568929433822632,13.515176057815552
0.1295884220524661,0.12393828019952169,0.2335040026647627,0.16523665386428849,0.953,0.949,0.957,0.947,6.632848501205444,141.73097729682922,4.524884939193726,13.348926067352295
0.1298813849476916,0.12421074326539153,0.23371942276739202,0.1656582768031833,0.953,0.945,0.957,0.957,6.531368255615234,141.2629702091217,4.423574924468994,13.284530878067017
0.1298309159585794,0.12411311959180414,0.23426648297138963,0.1657308015538393,0.958,0.957,0.96,0.948,6.697555780410767,136.33303928375244,4.342245578765869,13.047240018844604
0.13013453305450773,0.12442523913446138,0.23467989849859486,0.16605860446841325,0.943,0.954,0.943,0.921,6.325253486633301,136.04344511032104,4.307797908782959,12.594738245010376
0.12996743316275894,0.12427120415584275,0.23477206093974973,0.16584854701181087,0.949,0.952,0.951,0.949,6.571200132369995,136.00197219848633,4.278787851333618,12.696235418319702
0.12995355398900485,0.12428299464347031,0.2341134056066486,0.16582347991883634,0.946,0.955,0.943,0.938,6.7329981327056885,135.16739630699158,4.3671770095825195,13.481727838516235
0.12964582316341766,0.1240209434371688,0.2340934431788399,0.16531510125027177,0.95,0.956,0.95,0.94,6.579127550125122,134.63304567337036,4.307964563369751,12.970765113830566
0.1305292431326783,0.12476910292109555,0.23584147264254124,0.16677088582290406,0.942,0.941,0.952,0.939,6.358205556869507,138.0252296924591,4.384082555770874,12.80370306968689
0.13048233460937306,0.12473303495607162,0.2370281082817311,0.16660856249631098,0.953,0.948,0.938,0.96,6.548260450363159,136.1803596019745,4.187466382980347,12.462605237960815
0.12990217737276202,0.12421401630134045,,0.16560454440387215,0.943,0.933,0.0,0.944,6.474738121032715,135.22346472740173,4.8838865756988525,12.731370687484741
0.12975520427024975,0.1240196859488141,0.23473196349999476,0.16569971745917342,0.944,0.947,0.959,0.94,6.555201053619385,136.24208569526672,4.231935977935791,12.613791704177856
0.13033335481765138,0.12461831253231447,0.23613758521370593,0.16642406439202817,0.961,0.962,0.955,0.956,6.533948183059692,136.07827591896057,4.2872090339660645,12.569124937057495
0.12978145152047693,0.12410202842799282,0.23408593165259192,0.1655185119091352,0.934,0.933,0.949,0.94,6.51817774772644,132.99784898757935,4.195224046707153,14.048480987548828
0.12953071784047318,0.12382539809753663,0.2343356757831193,0.16523845167053264,0.937,0.936,0.945,0.941,6.471843242645264,132.6334171295166,4.203343391418457,12.82258677482605
0.13014299901038134,0.12445778928185543,0.2346660829999882,0.16603624187958863,0.943,0.93,0.947,0.938,6.411074161529541,136.29186630249023,4.206770896911621,12.621509313583374
0.1299306170653847,0.12425041259121349,0.23460358876699622,0.1656278345208486,0.949,0.947,0.949,0.952,6.455042600631714,154.11530995368958,4.959173917770386,14.416014671325684
0.12963004542819068,0.12396431204042432,0.23378890254019813,0.16526388110252782,0.948,0.953,0.957,0.953,7.0935633182525635,147.49871253967285,4.65861964225769,15.055333852767944
0.13024783221503247,0.12456669332322172,0.23485648049506147,0.1661820622577947,0.958,0.951,0.946,0.943,7.529129266738892,151.75157833099365,4.817638158798218,14.502229452133179
0.1301255524171258,0.12441426576995229,0.2349243718300833,0.16619100053951064,0.948,0.95,0.949,0.95,7.541866302490234,150.3579545021057,4.651126384735107,14.086477041244507
0.12989663303307178,0.1241710807030205,0.2348730027110698,0.16589154274891274,0.955,0.957,0.944,0.944,7.081528902053833,149.59642505645752,4.747095823287964,14.67232370376587
0.129797221502724,0.12414918388993304,0.2337826746441857,0.16536511702752643,0.946,0.934,0.945,0.952,7.0369579792022705,147.94665431976318,4.86379861831665,13.897256851196289
0.1301362648682219,0.12440796738986393,0.2350122159030829,0.1661444084281879,0.953,0.954,0.946,0.944,7.226593732833862,156.39980816841125,4.844051361083984,14.20324969291687
0.1293847766879439,0.12369044061014241,0.23385179730649502,0.16526286957756928,0.955,0.951,0.937,0.954,6.974664688110352,150.50120043754578,4.993295192718506,14.267757415771484
0.1303749076020245,0.12467766301182784,0.23550107925249553,0.16620870669042054,0.955,0.957,0.954,0.953,7.101337671279907,150.7293267250061,4.633960962295532,13.870391130447388
0.12907043631553788,0.12339089903926985,0.23293451158733533,0.1648267825548753,0.947,0.949,0.947,0.965,7.7036848068237305,149.32707953453064,4.873103857040405,15.431653261184692
0.130903891749335,0.12514321416137306,0.2364342287758403,0.16698149192751863,0.942,0.942,0.951,0.951,8.272504806518555,153.2776074409485,4.784259080886841,14.057390689849854
0.13002442208019563,0.12431083023352588,0.23413622689809505,0.16579228792469486,0.951,0.954,0.954,0.958,7.078327417373657,148.443053483963,5.169828176498413,14.442655086517334
0.13021653589181845,0.12449647595089473,0.23498639761129925,0.1661992082781534,0.941,0.944,0.952,0.947,6.872203588485718,149.7410182952881,4.898683071136475,13.910170078277588
0.1301635605643808,0.12449447984150587,0.2339171555815358,0.16579728626612156,0.945,0.946,0.938,0.941,7.88536524772644,151.08465814590454,4.69615364074707,14.081011533737183
0.13051242137836194,0.12476878969434736,0.23577653953062142,0.16672133894051683,0.959,0.956,0.951,0.95,7.10181450843811,149.99704122543335,4.7415101528167725,14.171245813369751
0.12950704758748238,0.12385023917976548,0.23296626081611999,0.16517832987464004,0.95,0.942,0.952,0.954,7.139713525772095,148.04804182052612,4.307327032089233,13.090607643127441
0.12981538432068307,0.12415401917778317,0.23375351845933456,0.16566365206616593,0.957,0.948,0.952,0.954,7.072619199752808,139.18548321723938,4.475269794464111,13.170392274856567
0.1298744994525652,0.12420175698832847,0.23379249502068133,0.1656311826817941,0.961,0.962,0.96,0.954,6.745283365249634,139.7999405860901,4.3526222705841064,13.34809160232544
0.12981791130115203,0.12409824916054556,0.23384652253937388,0.16583049769052458,0.956,0.954,0.96,0.948,6.725505352020264,140.28398990631104,4.769439458847046,13.234271764755249
0.12989298727915793,0.12421826632043755,0.23358163202777346,0.16568119817436844,0.952,0.947,0.954,0.953,7.520632982254028,139.7876477241516,4.352968215942383,13.357511758804321
0.1293498365736199,0.12370839717203162,0.23333883051563678,0.16495314234649613,0.956,0.947,0.964,0.956,7.173302412033081,140.29212880134583,4.436691999435425,13.244723796844482
0.129404115144335,0.12367959985946234,0.23460245563180446,0.1652994590021868,0.944,0.937,0.933,0.939,6.735341787338257,141.91180801391602,4.3616414070129395,13.315678119659424
0.129898152783283,0.12419625369800213,0.23492520406982909,0.16581128717382707,0.948,0.945,0.953,0.954,6.594972610473633,140.14305186271667,4.445661783218384,13.56064248085022
0.12995735671002115,0.12430732305287509,0.23354221626075292,0.1655102446532189,0.958,0.953,0.949,0.96,6.609248161315918,138.90584444999695,4.463454723358154,13.23036003112793
0.1306190525874161,0.12489832551533211,0.23597800879173245,0.1665757236722394,0.947,0.95,0.932,0.946,6.545993089675903,140.76411318778992,4.389906883239746,13.053242444992065
0.12961430668761353,0.12391747405902397,0.2341249979755116,0.1653524135789773,0.939,0.951,0.939,0.934,6.655405044555664,136.40834259986877,4.302883148193359,12.638643980026245
0.129630178915299,0.12394002739652892,0.23433380176466007,0.16545655927096614,0.956,0.95,0.944,0.95,6.390182018280029,134.2925124168396,4.2642505168914795,12.75967812538147
0.12997647048793387,0.12427759564675146,0.23469010788713843,0.1660021035334698,0.942,0.934,0.949,0.939,6.452349901199341,137.3986783027649,4.278770208358765,13.244914770126343
0.13065873273661827,0.12492605423265948,0.2351044797985548,0.16673916611993014,0.948,0.949,0.951,0.95,7.019044876098633,137.08570528030396,4.1989710330963135,12.889963626861572
0.12994300036062,0.12424030489085891,0.23441258165987475,0.16591809078980863,0.95,0.951,0.951,0.939,6.4143500328063965,132.523686170578,4.128284692764282,13.551376819610596
0.12974394253516136,0.12406507511652179,0.23357178002796736,0.16554784691387028,0.944,0.952,0.944,0.945,6.467608690261841,135.84797549247742,4.295567512512207,13.36906385421753
0.1300161282978465,0.1243309710717645,0.23473877553864797,0.16580637438259727,0.943,0.944,0.947,0.951,6.3612494468688965,134.5802812576294,4.400959014892578,12.72488522529602
0.13038310925184668,0.12468334347631044,0.23526123460635925,0.16632985811729822,0.947,0.95,0.953,0.953,6.367840051651001,133.27084302902222,4.355177640914917,12.529602527618408
0.12962411668749732,0.12397640019860526,0.23375949573678506,0.165179948570545,0.943,0.942,0.944,0.948,6.354804515838623,133.6015989780426,4.232620716094971,12.590395450592041
0.1293359838539331,0.12367792519235733,0.2336515812611163,0.16502546976154922,0.951,0.954,0.942,0.948,6.350686311721802,131.60894989967346,4.177257537841797,12.54637885093689
0.1299078087603009,0.12425402954184593,0.23475723655353437,0.16563299359388758,0.949,0.943,0.945,0.954,6.251930236816406,133.60818529129028,4.191032886505127,12.465025424957275
0.1296792544462917,0.12395383630003752,0.2345468473051466,0.16561067630832085,0.951,0.958,0.939,0.945,7.310394048690796,133.45924854278564,4.265044450759888,12.517526388168335
0.13006702123054054,0.12443039761056716,0.23396037209975828,0.1655515436434386,0.945,0.947,0.96,0.952,7.043051481246948,133.19921255111694,4.185583591461182,12.59762978553772
0.13000301823995294,0.12427237161322308,0.23538905065249388,0.16615120318850665,0.945,0.942,0.943,0.943,7.558558464050293,133.41026854515076,4.176033973693848,12.711436986923218
0.13041470153316964,0.12467878131978719,0.23548003601754705,0.1664389721174825,0.935,0.934,0.948,0.959,6.436195611953735,135.36747336387634,4.285351514816284,12.775330781936646
0.13048688061065217,0.12476986102783269,0.2358172316466899,0.1665099810441109,0.966,0.964,0.943,0.961,6.513958930969238,137.11884999275208,4.661437273025513,12.586416721343994
0.12992031649535435,0.1242204376883049,0.2351744383250605,0.16586496402151432,0.951,0.954,0.956,0.945,6.380985736846924,131.9482057094574,4.262677907943726,12.519972085952759
0.12911858106169188,0.12348700107999058,0.23248126228599963,0.16447938337187146,0.949,0.946,0.947,0.946,6.503393888473511,135.54632139205933,4.225385427474976,12.678822040557861
0.12976728080723154,0.12404146979220353,0.23389963737498964,0.16564405834439372,0.946,0.942,0.955,0.954,6.309183835983276,133.22925472259521,4.228410243988037,12.708635091781616
0.12949588133899906,0.12378904162644437,0.23495838009623088,0.16532661605492524,0.945,0.946,0.952,0.947,6.263821125030518,134.25242066383362,4.249068260192871,12.959617376327515
0.12980539818045167,0.12407753680644179,0.23465247333744407,0.16573925564027586,0.947,0.95,0.935,0.953,6.392410516738892,134.04393696784973,4.45817232131958,12.891541242599487
0.13045776199659706,0.12472075188507543,0.23551675244021833,0.1665311282459262,0.945,0.946,0.961,0.949,6.328632354736328,132.98537826538086,4.348049879074097,12.591845512390137
0.13014139187195542,0.12441260913124347,0.23556712941868374,0.16614304324701565,0.942,0.938,0.946,0.932,6.533710479736328,132.82785773277283,4.3750433921813965,12.656882286071777
0.12944332489295812,0.12377132587175546,0.2337184385780538,0.16515346587094637,0.946,0.943,0.949,0.953,6.510831832885742,136.80514693260193,4.2753987312316895,12.647870063781738
0.1302140314077127,0.12449863565466163,0.23464920519180832,0.16607727726062171,0.957,0.962,0.956,0.949,6.57018256187439,136.2350254058838,4.237909555435181,12.987659692764282
0.13018961009753707,0.12447454873619392,0.23451580515595993,0.16610882258238485,0.95,0.94,0.947,0.939,6.431571960449219,131.97614169120789,4.3909993171691895,12.562907934188843
0.1299696869822215,0.12433164890385813,0.23325521593158746,0.16554134907238902,0.947,0.956,0.96,0.963,6.498925685882568,135.5282199382782,4.247008323669434,12.67619013786316
0.13032449606516844,0.12460951693174505,0.23570481928713255,0.1662611964252375,0.959,0.955,0.938,0.955,6.478678464889526,133.68180060386658,4.13874363899231,12.464926481246948
0.1305249580151944,0.12485237597701504,0.23487603568321905,0.1663714116544837,0.94,0.946,0.958,0.944,6.287574768066406,132.6804883480072,4.16931939125061,12.508651971817017
0.13045537889510972,0.1246781636377606,0.23598716143477497,0.16665109400314485,0.943,0.942,0.951,0.947,6.371429920196533,134.54984593391418,4.3803651332855225,12.727947473526001
0.12979428582765365,0.12411879734128572,0.23342880579087816,0.16556894635619945,0.955,0.948,0.953,0.945,7.2246174812316895,135.79633569717407,4.220992803573608,12.83787751197815
0.12964344789227591,0.1239320583388238,0.23377719828660706,0.16542844995658154,0.948,0.953,0.95,0.944,7.374806642532349,136.72747135162354,4.255406856536865,12.853909730911255
0.12987964499601723,0.12414121183455716,0.2354617283714903,0.1659352207406624,0.959,0.961,0.94,0.957,6.439013242721558,135.7289741039276,4.31696081161499,12.862275838851929
0.1299991072623834,0.1243117461062952,0.23506180231622972,0.1659313961929855,0.95,0.945,0.946,0.944,6.375067710876465,133.96433806419373,4.348026514053345,12.893245458602905
0.1295123378968587,0.12384998647594511,0.2341394771072298,0.16532929870865198,0.945,0.946,0.942,0.949,6.47474217414856,135.00480818748474,4.302004337310791,12.641105890274048
0.12883073278314633,0.12320150262936716,0.2322784768256579,0.16413147732852335,0.953,0.945,0.961,0.962,6.335919141769409,132.42961764335632,4.340972900390625,13.495877742767334
0.12995028061937003,0.1242788841593875,0.2341517535784873,0.1656061602892561,0.946,0.952,0.949,0.956,6.33268928527832,133.0289764404297,4.222644805908203,12.415101528167725
0.1292170946050347,0.12355936224276723,0.23279024105402216,0.16477776560980048,0.939,0.948,0.959,0.947,6.328092336654663,133.7068247795105,4.215464353561401,12.708639144897461
0.13011958269162271,0.12441698193961111,0.23491704372031422,0.16594221459662845,0.953,0.948,0.953,0.957,6.502867937088013,134.74469661712646,4.282857418060303,12.764664649963379
0.12991937392875083,0.12422251117388412,0.2340175957462633,0.16575286517321,0.947,0.945,0.961,0.95,6.589024066925049,133.26861834526062,4.221863508224487,12.68514084815979
0.13060973310712706,0.12489015909259077,0.2354786000614737,0.16669701061216993,0.952,0.943,0.947,0.945,6.332763195037842,131.9337661266327,4.192425727844238,12.51314902305603
0.1297851482937301,0.12407782946285263,0.23365118799647974,0.16558732258355754,0.949,0.95,0.952,0.957,6.289389610290527,132.96485805511475,4.2658538818359375,12.708688020706177
0.1299369132293983,0.12421990609753986,0.23415077597274034,0.1659697734024598,0.948,0.958,0.95,0.952,6.395840406417847,132.68548917770386,4.404452323913574,12.895281314849854
0.12963051063339515,0.1239202839507628,0.2350677776992443,0.16568543247327847,0.938,0.932,0.943,0.941,6.48461651802063,133.43660759925842,4.23702597618103,12.538398742675781
0.1293324529695782,0.12369415532857744,0.23264256707028094,0.16484923833132253,0.942,0.951,0.947,0.947,6.399093866348267,133.26654839515686,4.240249395370483,12.739537239074707
0.130540524012679,0.12488088820430453,0.2357949420664801,0.1661910482740879,0.957,0.952,0.956,0.96,6.631545782089233,133.07795310020447,4.276678085327148,12.673694133758545
0.13056143260870123,0.12491064078621554,0.23472931042143927,0.16645005029626508,0.956,0.949,0.96,0.963,6.360143423080444,133.92074036598206,4.37620210647583,13.592900514602661
0.12985905299010705,0.12420070235018223,0.2342075621106122,0.1656032251334962,0.955,0.956,0.956,0.966,6.455557346343994,133.2618989944458,4.219562768936157,12.834295749664307
0.1299498852919437,0.12426618365299012,0.2345718639301426,0.1657540093289755,0.948,0.952,0.945,0.94,6.338059902191162,135.52441263198853,4.7719597816467285,12.472428321838379
0.13000069446864324,0.12433049630108427,0.2337904388698207,0.16580484874409365,0.945,0.943,0.945,0.943,6.306378126144409,132.22204160690308,4.3442769050598145,12.57796859741211
0.1298278724154595,0.12414386203976698,0.23425475925648204,0.16576323601879434,0.938,0.944,0.94,0.934,6.8873560428619385,133.2197127342224,4.273142337799072,12.48919939994812
0.12991446553465,0.12419455311987408,0.23418975555092486,0.1658001229123318,0.953,0.953,0.945,0.956,6.3583080768585205,132.897869348526,4.217278003692627,12.552006483078003
0.12974209795416722,0.12404643860511831,0.23487514119091832,0.16558858639032986,0.941,0.947,0.951,0.944,6.344104766845703,136.26704955101013,4.263211011886597,12.765129327774048
0.1301047296381656,0.1244471167622892,0.23422494290718765,0.16594074249844182,0.954,0.95,0.951,0.958,6.410682439804077,137.5922393798828,4.3003833293914795,12.809009075164795
0.1305123930991649,0.12483615276069435,0.2348484468239685,0.16629599095912406,0.944,0.936,0.946,0.946,6.681059122085571,134.39670705795288,4.23618483543396,12.589448690414429
0.13011767681230665,0.12443987251565979,0.23432696199768327,0.16581988594082026,0.945,0.95,0.954,0.95,6.727888107299805,134.10184931755066,4.259546756744385,12.712448120117188
0.1298699189577179,0.12417293442168113,0.2346194639681045,0.16571269384946286,0.947,0.95,0.939,0.944,6.557445287704468,135.37734150886536,4.408959150314331,12.569531679153442
